{
  "feature_order": [
    "is_mention",
    "is_reply",
    "reply_to_regular",
    "msg_len_words",
    "msg_len_bucket",
    "has_number",
    "has_claim_token",
    "is_question",
    "sender_is_regular",
    "idx_gap_since_sender",
    "is_botlike"
  ],
  "weights": [
    0.14851233036022216,
    -0.3069049849628975,
    0.96235755515645,
    -0.11904953544900657,
    0.5245264891943714,
    0.07696230780122004,
    -0.013552906946747911,
    0.13585647949013463,
    0.08005317013919798,
    0.042057017416644346,
    0.0
  ],
  "bias": -0.30173759209264933,
  "feature_mean": [
    0.030920800612909406,
    0.4207168167017813,
    0.19319814211836814,
    3.3220767094426353,
    1.077463608504118,
    0.08774660026814786,
    0.025162804060524804,
    0.11173625742194981,
    0.5195604290365831,
    577.8571274660027,
    0.0
  ],
  "feature_std": [
    0.1731031620231407,
    0.4936741606019899,
    0.39480706680685546,
    4.114566003423566,
    1.0982201923340633,
    0.2829260228565338,
    0.1566194028604263,
    0.3150416896210713,
    0.4996172431128915,
    3810.680185884987,
    1.0
  ],
  "chosen_threshold": 0.8251052052467599,
  "f05_threshold_raw": 0.7453777511574483,
  "regulars": [],
  "target_response_rate": 0.06,
  "notes": "Score: sigmoid(((x-mean)/std)@weights + bias). Hard-filter is_botlike=1 to 0 before scoring. chosen_threshold is in RAW-SIGMOID space (what the serving loader thresholds) and equals the ~6%-cadence operating point (raw p>=0.825); f05_threshold_raw=0.745 is the F0.5 operating point for reference. regulars (the trained top-K active-sender population) is omitted from this file; serving recomputes it live from recent chat history (scheduler._get_timing_regulars), so reply_to_regular/sender_is_regular are derived at run time. calibration.knots_x/knots_y give the isotonic map for any consumer that wants a true probability; calibrated_threshold/resp_rate_threshold record the calibrated-space operating points.",
  "calibrated_threshold": 0.37,
  "resp_rate_threshold_raw": 0.8251052052467599,
  "resp_rate_threshold_calibrated": 0.4695,
  "calibration": {
    "method": "isotonic_pav",
    "knots_x": [
      0.1355490958120562,
      0.13555297552346238,
      0.1460080893994823,
      0.14600808939948232,
      0.14600808939948232,
      0.14600808939948232,
      0.14600808939948232,
      0.14600808939948232,
      0.14600808939948232,
      0.14600808939948232,
      0.14600808939948232,
      0.14600808939948232,
      0.14600808939948232,
      0.14600808939948232,
      0.14600808939948232,
      0.14600808939948232,
      0.14600808939948232,
      0.14600808939948232,
      0.14600808939948232,
      0.14600808939948232,
      0.14600808939948232,
      0.14601359409651923,
      0.16714657418035864,
      0.24154231134646842,
      0.2720874286877508,
      0.3624258040640442,
      0.36922530814065313,
      0.4314155240831311,
      0.45666879771835206,
      0.471061803807706,
      0.5214373872870824,
      0.5390464940100322,
      0.6337252287802234,
      0.6617895195672654,
      0.6618043409769646,
      0.6618043409769646,
      0.6618142217403162,
      0.6966807186603137,
      0.7453777511574483,
      0.7775229013058934,
      0.7775229013058934,
      0.823430323922853,
      0.8251052052467599,
      0.8815944144108976,
      0.8882899424506661,
      0.8900031495412182,
      0.8938992193323867,
      0.913866701830806,
      0.9184001173896021,
      0.9336336704947722,
      0.9397129275437619,
      0.960487284589589,
      0.960511209982021,
      0.960525915664401,
      0.9616088689406354,
      0.9739946379127301
    ],
    "knots_y": [
      0.0,
      0.0,
      0.0,
      0.0,
      0.0,
      0.0,
      0.0,
      0.0,
      0.0,
      0.0,
      0.0,
      0.0,
      0.0,
      0.0,
      0.0,
      0.0,
      0.0,
      0.0,
      0.0,
      0.0,
      0.0,
      0.03225806451612902,
      0.03496503496503499,
      0.0363383637807784,
      0.0394003459542572,
      0.08308427973699946,
      0.10475651189127973,
      0.11555777888944477,
      0.12621359223300965,
      0.13545347467608956,
      0.14089347079037806,
      0.18053375196232338,
      0.19289340101522845,
      0.21787709497206703,
      0.2585365853658538,
      0.2727272727272727,
      0.28125,
      0.2885032537960954,
      0.37,
      0.4031791907514451,
      0.42857142857142855,
      0.45170731707317074,
      0.5170068027210885,
      0.5322580645161289,
      0.532608695652174,
      0.5454545454545454,
      0.5698924731182796,
      0.5751295336787565,
      0.5967741935483871,
      0.6027397260273972,
      0.6666666666666666,
      0.68,
      1.0,
      1.0,
      1.0,
      1.0
    ]
  },
  "time_split": {
    "train_frac": 0.6,
    "cal_frac": 0.2
  },
  "label_key": "label"
}