{
  "feature_order": [
    "is_mention",
    "is_reply",
    "reply_to_regular",
    "msg_len_words",
    "msg_len_bucket",
    "has_number",
    "has_claim_token",
    "is_question",
    "sender_is_regular",
    "idx_gap_since_sender",
    "is_botlike"
  ],
  "weights": [
    0.1680539166729415,
    -0.3111801136190239,
    0.8940171421381459,
    0.019613056895209157,
    0.2555034977214281,
    -0.12375294431264731,
    0.07354398120214618,
    0.15356136738313636,
    0.0,
    0.057617680901236513,
    0.0
  ],
  "bias": -0.22995411131191923,
  "feature_mean": [
    0.08461239137014138,
    0.46995114358597434,
    0.21504388430109386,
    3.8147887932898095,
    1.2683643910242552,
    0.15203856630204504,
    0.029130096415755112,
    0.10458731462665917,
    1.0,
    57.07514375891738,
    0.0
  ],
  "feature_std": [
    0.2783040326637664,
    0.4990962494628491,
    0.41085278644028866,
    4.046031729591709,
    1.174296731847789,
    0.35905826916949346,
    0.16817114466677077,
    0.3060209277904012,
    1.0,
    530.0370938828792,
    1.0
  ],
  "chosen_threshold": 0.8,
  "target_response_rate": 0.06,
  "notes": "Score: sigmoid(((x-mean)/std)@weights + bias). Hard-filter is_botlike=1 to 0 before scoring."
}